{"freq_range": [1.0, 40.0], "freq_res": 0.5, "aperiodic_params_": [1.271676433833487, 1.2415137739829278], "gaussian_params_": [[10.56128347531075, 0.9823599166879645, 0.8561939193423539], [11.95010945528908, 0.0172041022909811, 0.2500000014297297], [28.6102536467783, 0.04804892528996755, 0.6599597072667439], [30.450102583581664, 0.03733343822855167, 0.25000000000000006], [33.31798290764471, 0.08057189645246804, 0.25000000000043615], [34.57330637594453, 0.04965111138749946, 0.25000000006099304]], "peak_params_": [[10.56128347531075, 0.9798467178123419, 1.7123878386847078], [11.95010945528908, 0.25626782692800193, 0.5000000028594594], [28.6102536467783, 0.04738307274853382, 1.3199194145334878], [30.450102583581664, 0.0373937993261102, 0.5000000000000001], [33.31798290764471, 0.061817593684650674, 0.5000000000008723], [34.57330637594453, 0.04756293933565925, 0.5000000001219861]], "r_squared_": 0.9989617584052933, "error_": 0.011398610469667572}